actual,predicted,probability,prediction_type,risk_segment
0,0,0.0493132653344896,Correct,Low Risk
0,1,0.705300397200916,False Positive,High Risk
0,0,0.05789983377528521,Correct,Low Risk
0,0,0.2961819944223681,Correct,Low Risk
0,0,0.025922339333303106,Correct,Low Risk
0,1,0.5672366782728214,False Positive,Medium Risk
0,0,0.40551577383888326,Correct,Medium Risk
0,0,0.1400011245395063,Correct,Low Risk
0,0,0.005443750074294978,Correct,Low Risk
1,0,0.28400619749119194,False Negative,Low Risk
0,0,0.33340535317583025,Correct,Low Risk
0,0,0.06098289947208576,Correct,Low Risk
0,0,0.18623228845761133,Correct,Low Risk
1,1,0.6838249387062593,Correct,Medium Risk
0,0,0.10228938278655239,Correct,Low Risk
0,0,0.05792755715224905,Correct,Low Risk
0,0,0.022269351876826462,Correct,Low Risk
0,1,0.542875799366309,False Positive,Medium Risk
0,0,0.22572941740343674,Correct,Low Risk
0,0,0.08128731668575734,Correct,Low Risk
1,1,0.7928915848866237,Correct,High Risk
0,0,0.26367065503985965,Correct,Low Risk
0,0,0.02982188938806694,Correct,Low Risk
0,0,0.03355997526192511,Correct,Low Risk
0,0,0.21077023879554393,Correct,Low Risk
0,0,0.16087861203735973,Correct,Low Risk
1,0,0.4907133576847719,False Negative,Medium Risk
1,1,0.6563197879189329,Correct,Medium Risk
0,0,0.019351818561425562,Correct,Low Risk
1,1,0.8283401736698836,Correct,High Risk
0,0,0.44053698488721243,Correct,Medium Risk
0,0,0.437167448460224,Correct,Medium Risk
0,0,0.012797489406681508,Correct,Low Risk
0,0,0.008210070467441209,Correct,Low Risk
1,1,0.8645839339845464,Correct,High Risk
0,0,0.29379117877158756,Correct,Low Risk
1,0,0.3793239355184497,False Negative,Low Risk
0,0,0.003888806135292245,Correct,Low Risk
1,1,0.8801920700945238,Correct,High Risk
1,0,0.15971803484944802,False Negative,Low Risk
0,0,0.005158482397610994,Correct,Low Risk
0,1,0.8817645001749503,False Positive,High Risk
0,0,0.3085947748283332,Correct,Low Risk
0,0,0.23294621131962406,Correct,Low Risk
0,0,0.03564556542818638,Correct,Low Risk
1,1,0.5433436524585841,Correct,Medium Risk
0,1,0.6626847835933124,False Positive,Medium Risk
0,0,0.31968387895812833,Correct,Low Risk
0,0,0.014951782602344787,Correct,Low Risk
1,0,0.34035911384263257,False Negative,Low Risk
0,0,0.009577313662998488,Correct,Low Risk
1,1,0.9242755353469264,Correct,High Risk
0,0,0.16435949697226473,Correct,Low Risk
0,0,0.22631145654853235,Correct,Low Risk
0,0,0.29621510805194345,Correct,Low Risk
1,1,0.5477308170392506,Correct,Medium Risk
0,0,0.0514188255455939,Correct,Low Risk
0,0,0.07139652591881264,Correct,Low Risk
0,0,0.06619878416723561,Correct,Low Risk
0,0,0.005093911901880711,Correct,Low Risk
0,0,0.007661713395989813,Correct,Low Risk
1,0,0.033452950106160374,False Negative,Low Risk
0,0,0.1606068142013834,Correct,Low Risk
0,0,0.1475742302654894,Correct,Low Risk
1,0,0.25029268725798404,False Negative,Low Risk
1,0,0.4912784561514901,False Negative,Medium Risk
1,0,0.20019379424077832,False Negative,Low Risk
1,0,0.20430769218516512,False Negative,Low Risk
1,0,0.1962563675305709,False Negative,Low Risk
1,1,0.8154355293828047,Correct,High Risk
0,0,0.005066049719976609,Correct,Low Risk
0,0,0.012225965845614483,Correct,Low Risk
1,1,0.541214355552401,Correct,Medium Risk
0,0,0.14223187298003692,Correct,Low Risk
0,0,0.04743923003649553,Correct,Low Risk
0,0,0.038443519848770875,Correct,Low Risk
0,0,0.056169859437767033,Correct,Low Risk
1,0,0.4714789735707655,False Negative,Medium Risk
0,0,0.2403787586365113,Correct,Low Risk
0,0,0.005462901028856562,Correct,Low Risk
0,0,0.037263688890833584,Correct,Low Risk
0,0,0.014971972332598168,Correct,Low Risk
1,0,0.17774438385327138,False Negative,Low Risk
1,1,0.917000537072393,Correct,High Risk
0,0,0.05938809774071251,Correct,Low Risk
0,0,0.4404579143070957,Correct,Medium Risk
0,1,0.6386746296307235,False Positive,Medium Risk
1,1,0.5286530889944021,Correct,Medium Risk
1,0,0.45717663433941935,False Negative,Medium Risk
0,0,0.0907967080745715,Correct,Low Risk
1,1,0.5723990797163194,Correct,Medium Risk
0,0,0.3052398066491355,Correct,Low Risk
0,0,0.013294112174532455,Correct,Low Risk
1,1,0.5165119378539207,Correct,Medium Risk
1,0,0.36241062540893465,False Negative,Low Risk
0,0,0.01653447055755757,Correct,Low Risk
0,0,0.4222921713521264,Correct,Medium Risk
0,0,0.009242193251693282,Correct,Low Risk
1,1,0.6910482125989136,Correct,Medium Risk
0,0,0.18283307774432087,Correct,Low Risk
1,1,0.7196234245530464,Correct,High Risk
1,1,0.5840027246293483,Correct,Medium Risk
0,0,0.43228510373524304,Correct,Medium Risk
1,0,0.3975401534448344,False Negative,Low Risk
1,0,0.2157023133229153,False Negative,Low Risk
0,0,0.003415876490164831,Correct,Low Risk
0,0,0.10526947632900895,Correct,Low Risk
0,0,0.06329068345230825,Correct,Low Risk
0,0,0.043432252752753094,Correct,Low Risk
0,0,0.05920952506175062,Correct,Low Risk
0,0,0.032146088759635406,Correct,Low Risk
0,1,0.7062536688551785,False Positive,High Risk
0,0,0.135306599333611,Correct,Low Risk
0,1,0.5228728798291382,False Positive,Medium Risk
1,1,0.6687107992442836,Correct,Medium Risk
0,0,0.040499459591000826,Correct,Low Risk
1,0,0.47085587712570437,False Negative,Medium Risk
0,0,0.41404356908182854,Correct,Medium Risk
0,0,0.0365832253288241,Correct,Low Risk
0,0,0.006949246286748504,Correct,Low Risk
0,0,0.04067308798803269,Correct,Low Risk
1,1,0.775670394543176,Correct,High Risk
0,0,0.015352532743519621,Correct,Low Risk
0,0,0.04447170904102115,Correct,Low Risk
1,1,0.8217119009257111,Correct,High Risk
0,0,0.0184123325967043,Correct,Low Risk
1,0,0.3226802684095975,False Negative,Low Risk
0,0,0.19813304808407678,Correct,Low Risk
1,1,0.5653187603251951,Correct,Medium Risk
0,0,0.1251205423164855,Correct,Low Risk
1,0,0.20514313571262485,False Negative,Low Risk
1,0,0.3786379332445584,False Negative,Low Risk
0,0,0.11395532758115529,Correct,Low Risk
0,0,0.15651136588656356,Correct,Low Risk
0,0,0.038018136067443566,Correct,Low Risk
0,0,0.20346983271309194,Correct,Low Risk
0,0,0.026207986532182544,Correct,Low Risk
0,0,0.08411153613313395,Correct,Low Risk
0,0,0.009574363958496403,Correct,Low Risk
1,0,0.3815188591262285,False Negative,Low Risk
0,0,0.05012506916074692,Correct,Low Risk
0,0,0.09304175325113767,Correct,Low Risk
0,1,0.5919546642806605,False Positive,Medium Risk
0,0,0.02469431993865645,Correct,Low Risk
0,0,0.03737162703541353,Correct,Low Risk
0,0,0.05770514159910623,Correct,Low Risk
0,0,0.05943516414502561,Correct,Low Risk
1,0,0.36132335914183583,False Negative,Low Risk
0,0,0.3634551082709338,Correct,Low Risk
0,0,0.3194465277547994,Correct,Low Risk
0,0,0.016067065178087873,Correct,Low Risk
0,1,0.5210163541908988,False Positive,Medium Risk
0,0,0.13874964435451265,Correct,Low Risk
0,0,0.23918817709280163,Correct,Low Risk
1,1,0.7978543437742485,Correct,High Risk
0,0,0.33387420263422235,Correct,Low Risk
0,1,0.5408203620808104,False Positive,Medium Risk
1,0,0.4646225630983988,False Negative,Medium Risk
1,1,0.5069753204623794,Correct,Medium Risk
1,0,0.45077299318234537,False Negative,Medium Risk
0,0,0.04506278517424478,Correct,Low Risk
0,0,0.10790584658546869,Correct,Low Risk
0,0,0.0039197781786503615,Correct,Low Risk
0,0,0.010512114451781513,Correct,Low Risk
0,0,0.07232280700655463,Correct,Low Risk
1,0,0.17926114583072744,False Negative,Low Risk
0,0,0.029435478059392804,Correct,Low Risk
1,0,0.13392305587044476,False Negative,Low Risk
0,0,0.11229594556350272,Correct,Low Risk
0,0,0.014677784351259873,Correct,Low Risk
0,0,0.42359676601077123,Correct,Medium Risk
1,1,0.8768937431180558,Correct,High Risk
0,0,0.13737656602883347,Correct,Low Risk
1,0,0.20565997679186168,False Negative,Low Risk
0,0,0.3384029238534698,Correct,Low Risk
0,0,0.47924123395842294,Correct,Medium Risk
0,0,0.00887686678867937,Correct,Low Risk
0,0,0.009098494154946844,Correct,Low Risk
0,0,0.32629840102880947,Correct,Low Risk
0,0,0.15041073276824737,Correct,Low Risk
1,1,0.5635620913391394,Correct,Medium Risk
0,0,0.05190457504488209,Correct,Low Risk
1,1,0.6951372603439337,Correct,Medium Risk
1,0,0.23644043390902159,False Negative,Low Risk
0,0,0.003325091879671979,Correct,Low Risk
0,0,0.2776342277071085,Correct,Low Risk
0,0,0.0663210448839522,Correct,Low Risk
1,0,0.36508390597644047,False Negative,Low Risk
0,0,0.09691693755215715,Correct,Low Risk
0,0,0.032977318515993385,Correct,Low Risk
0,0,0.15639401954251178,Correct,Low Risk
0,0,0.4720651111755561,Correct,Medium Risk
1,1,0.6108052164313673,Correct,Medium Risk
0,0,0.015200825811204704,Correct,Low Risk
0,0,0.4734557814190887,Correct,Medium Risk
0,0,0.3494816261487882,Correct,Low Risk
0,0,0.3577567908688877,Correct,Low Risk
0,0,0.37720814974447053,Correct,Low Risk
0,0,0.4875922636732382,Correct,Medium Risk
0,0,0.39072282519976187,Correct,Low Risk
0,0,0.17248839850485792,Correct,Low Risk
0,0,0.012367770125020074,Correct,Low Risk
0,0,0.04902751784464008,Correct,Low Risk
0,0,0.07656519953042346,Correct,Low Risk
0,0,0.1975142800100553,Correct,Low Risk
0,0,0.13021851994262407,Correct,Low Risk
0,0,0.07391931925483225,Correct,Low Risk
0,0,0.18973181426491995,Correct,Low Risk
0,0,0.24298214636587503,Correct,Low Risk
0,0,0.00752144937862155,Correct,Low Risk
1,0,0.15104252397658413,False Negative,Low Risk
0,0,0.3891123032131165,Correct,Low Risk
1,0,0.34637159262824024,False Negative,Low Risk
0,0,0.02692813741550403,Correct,Low Risk
0,0,0.013339371748302294,Correct,Low Risk
0,0,0.38259640385951826,Correct,Low Risk
0,0,0.004915079718205615,Correct,Low Risk
0,0,0.47817385936361106,Correct,Medium Risk
1,0,0.4836679707017327,False Negative,Medium Risk
1,0,0.08603148492989383,False Negative,Low Risk
0,0,0.08856574924325715,Correct,Low Risk
0,0,0.12834861688514645,Correct,Low Risk
0,0,0.42436415649521664,Correct,Medium Risk
0,0,0.06169082801369845,Correct,Low Risk
0,1,0.6945349930678605,False Positive,Medium Risk
0,0,0.12537476687538301,Correct,Low Risk
0,0,0.005202533753803835,Correct,Low Risk
0,0,0.15423451641897848,Correct,Low Risk
1,1,0.6743068834539945,Correct,Medium Risk
0,1,0.7627198087040208,False Positive,High Risk
0,0,0.059649112476306596,Correct,Low Risk
1,1,0.5637079671673272,Correct,Medium Risk
0,0,0.41698717043772104,Correct,Medium Risk
0,0,0.027157140459213882,Correct,Low Risk
1,1,0.862077377077643,Correct,High Risk
1,1,0.7399220616196207,Correct,High Risk
1,0,0.3312573112639521,False Negative,Low Risk
0,0,0.3946439567883445,Correct,Low Risk
0,0,0.15765679485918938,Correct,Low Risk
0,1,0.5124305637270462,False Positive,Medium Risk
1,1,0.6541205934964089,Correct,Medium Risk
1,0,0.4484033736548418,False Negative,Medium Risk
0,0,0.08728080003088574,Correct,Low Risk
0,0,0.09663257202846894,Correct,Low Risk
1,1,0.5708886963650085,Correct,Medium Risk
1,0,0.4919649394706633,False Negative,Medium Risk
1,1,0.6089502275452534,Correct,Medium Risk
0,0,0.035617089412056185,Correct,Low Risk
0,0,0.03429551649721407,Correct,Low Risk
0,0,0.44420695194159543,Correct,Medium Risk
0,0,0.040294217634901965,Correct,Low Risk
0,0,0.13403630092268423,Correct,Low Risk
0,0,0.09550535047902378,Correct,Low Risk
0,0,0.03993470718516767,Correct,Low Risk
1,0,0.21692002502521304,False Negative,Low Risk
0,0,0.02054617818146325,Correct,Low Risk
0,0,0.08441417378076554,Correct,Low Risk
0,0,0.30096455715334647,Correct,Low Risk
0,0,0.22419575152667215,Correct,Low Risk
0,0,0.43451534023559235,Correct,Medium Risk
0,0,0.43308841323826325,Correct,Medium Risk
0,0,0.06904111122740181,Correct,Low Risk
0,0,0.006358129707509955,Correct,Low Risk
0,0,0.13422305558223793,Correct,Low Risk
1,1,0.7136211765526693,Correct,High Risk
1,0,0.20090954405096792,False Negative,Low Risk
1,1,0.694963850464023,Correct,Medium Risk
0,0,0.01771420834842481,Correct,Low Risk
0,0,0.41245337345267136,Correct,Medium Risk
0,1,0.5668242102093826,False Positive,Medium Risk
0,1,0.5265180023924158,False Positive,Medium Risk
0,0,0.009032112381571995,Correct,Low Risk
0,0,0.31714585335065326,Correct,Low Risk
0,0,0.308017596300215,Correct,Low Risk
0,0,0.05890011416496984,Correct,Low Risk
0,1,0.5715091998285623,False Positive,Medium Risk
1,1,0.8438881160720285,Correct,High Risk
0,1,0.5547597562309573,False Positive,Medium Risk
1,1,0.9172893015196745,Correct,High Risk
0,0,0.1288475558636199,Correct,Low Risk
0,0,0.479247742350899,Correct,Medium Risk
0,0,0.11901228681047217,Correct,Low Risk
0,1,0.527800326677311,False Positive,Medium Risk
0,0,0.05492950950460474,Correct,Low Risk
0,0,0.48586467661627875,Correct,Medium Risk
1,1,0.742971704686497,Correct,High Risk
1,0,0.2435950619893034,False Negative,Low Risk
0,0,0.06998114251517726,Correct,Low Risk
1,1,0.5705448380186094,Correct,Medium Risk
0,0,0.02998087782531844,Correct,Low Risk
0,0,0.2054014357116461,Correct,Low Risk
0,0,0.1700363705026341,Correct,Low Risk
0,0,0.040979301656227096,Correct,Low Risk
0,0,0.07049061105142768,Correct,Low Risk
0,0,0.09246183295818906,Correct,Low Risk
0,0,0.2888251243766965,Correct,Low Risk
0,0,0.35147063151108654,Correct,Low Risk
1,0,0.10408536452877455,False Negative,Low Risk
0,0,0.03843476153538015,Correct,Low Risk
0,0,0.06547891366997412,Correct,Low Risk
0,0,0.007172388551725094,Correct,Low Risk
1,0,0.3357729509395243,False Negative,Low Risk
0,1,0.5595325130062399,False Positive,Medium Risk
0,0,0.016698834484974025,Correct,Low Risk
1,1,0.7502375352878948,Correct,High Risk
0,0,0.2037795798642306,Correct,Low Risk
0,0,0.05085984792664666,Correct,Low Risk
0,0,0.12063353453377813,Correct,Low Risk
0,0,0.1719914564825259,Correct,Low Risk
0,0,0.1755811349079077,Correct,Low Risk
0,1,0.6809576441686193,False Positive,Medium Risk
0,1,0.6175659194071365,False Positive,Medium Risk
0,0,0.05990794962862046,Correct,Low Risk
0,0,0.02800484286546399,Correct,Low Risk
0,0,0.052244666692831884,Correct,Low Risk
0,0,0.025476341690994577,Correct,Low Risk
0,0,0.09747445732370358,Correct,Low Risk
0,0,0.09847090306744942,Correct,Low Risk
1,0,0.304239371749496,False Negative,Low Risk
1,1,0.5365602335480423,Correct,Medium Risk
0,0,0.43796024577702386,Correct,Medium Risk
0,1,0.6742773731407261,False Positive,Medium Risk
1,0,0.3967905076171115,False Negative,Low Risk
0,0,0.11796629043458079,Correct,Low Risk
0,0,0.2740547330080929,Correct,Low Risk
0,0,0.0340787484912439,Correct,Low Risk
1,0,0.057265675062260664,False Negative,Low Risk
0,1,0.5751023373032725,False Positive,Medium Risk
0,0,0.10163301436459476,Correct,Low Risk
0,0,0.010621966192277198,Correct,Low Risk
0,0,0.20511731897166524,Correct,Low Risk
1,0,0.18532756138840947,False Negative,Low Risk
0,0,0.037552178609327705,Correct,Low Risk
0,0,0.03784446637087683,Correct,Low Risk
0,0,0.015451549107735052,Correct,Low Risk
0,0,0.016387248597960317,Correct,Low Risk
1,1,0.5949736253684506,Correct,Medium Risk
0,0,0.05243326486863713,Correct,Low Risk
0,0,0.008052031522051993,Correct,Low Risk
0,0,0.02559490256786011,Correct,Low Risk
0,0,0.020593853595665675,Correct,Low Risk
1,1,0.8260881895671797,Correct,High Risk
0,0,0.1260532206820389,Correct,Low Risk
1,0,0.492002698370355,False Negative,Medium Risk
1,1,0.9016746084013249,Correct,High Risk
1,0,0.05649256295634704,False Negative,Low Risk
0,0,0.013872054414433066,Correct,Low Risk
1,0,0.44091260871588045,False Negative,Medium Risk
0,0,0.1569431628682327,Correct,Low Risk
1,1,0.6545518062068482,Correct,Medium Risk
0,0,0.14759737792415684,Correct,Low Risk
1,0,0.09910741782388365,False Negative,Low Risk
0,0,0.25971496463013233,Correct,Low Risk
0,0,0.1873657914620984,Correct,Low Risk
0,0,0.005100134482090907,Correct,Low Risk
0,0,0.20968982488209983,Correct,Low Risk
0,0,0.06979775507388276,Correct,Low Risk
0,1,0.5421514095743105,False Positive,Medium Risk
0,0,0.046074319376633824,Correct,Low Risk
1,1,0.7456794557765443,Correct,High Risk
1,1,0.7088755421836214,Correct,High Risk
0,0,0.032328520301983917,Correct,Low Risk
0,0,0.1410125341947578,Correct,Low Risk
0,0,0.29845884205064915,Correct,Low Risk
0,0,0.08011104960637414,Correct,Low Risk
1,0,0.08534488232023968,False Negative,Low Risk
0,0,0.20009394616958362,Correct,Low Risk
0,0,0.051140193043614786,Correct,Low Risk
0,0,0.03028067608305037,Correct,Low Risk
0,1,0.5776669701324004,False Positive,Medium Risk
1,1,0.5181199998714304,Correct,Medium Risk
0,1,0.6115563209126219,False Positive,Medium Risk
0,0,0.2565787593638106,Correct,Low Risk
0,0,0.34580050024603975,Correct,Low Risk
1,0,0.2614899038156505,False Negative,Low Risk
0,0,0.10581312216283147,Correct,Low Risk
0,0,0.07176975706408727,Correct,Low Risk
0,0,0.34998350699301817,Correct,Low Risk
1,0,0.09104831386017433,False Negative,Low Risk
0,0,0.04815680155766246,Correct,Low Risk
0,0,0.10867742201934444,Correct,Low Risk
0,0,0.18020727541066536,Correct,Low Risk
0,0,0.013970328266399556,Correct,Low Risk
0,1,0.6373203297042518,False Positive,Medium Risk
1,0,0.30490846667715005,False Negative,Low Risk
0,0,0.29013276774021485,Correct,Low Risk
1,0,0.436158089607674,False Negative,Medium Risk
1,1,0.6219531828656718,Correct,Medium Risk
0,0,0.02054022326865389,Correct,Low Risk
1,0,0.4073724837500332,False Negative,Medium Risk
0,0,0.029130916661531583,Correct,Low Risk
0,0,0.07279442971114829,Correct,Low Risk
0,0,0.3824056319198408,Correct,Low Risk
0,0,0.04244750100681572,Correct,Low Risk
0,0,0.2226247550933899,Correct,Low Risk
0,0,0.10246792149596601,Correct,Low Risk
0,0,0.022376016760548262,Correct,Low Risk
0,0,0.034349314280656885,Correct,Low Risk
0,0,0.009597235138296864,Correct,Low Risk
1,1,0.5066191335112875,Correct,Medium Risk
0,0,0.04180185969729531,Correct,Low Risk
0,0,0.26093213333058757,Correct,Low Risk
0,0,0.2622680380215732,Correct,Low Risk
0,0,0.2136207868849764,Correct,Low Risk
0,0,0.0060409039959677,Correct,Low Risk
0,0,0.1858293068615563,Correct,Low Risk
1,0,0.08018768138709835,False Negative,Low Risk
0,0,0.4481755648119909,Correct,Medium Risk
1,1,0.6409486247867074,Correct,Medium Risk
0,0,0.05245682718066482,Correct,Low Risk
1,0,0.26900846617196966,False Negative,Low Risk
1,1,0.5471357813995817,Correct,Medium Risk
1,1,0.685063176014968,Correct,Medium Risk
1,1,0.5031197319947354,Correct,Medium Risk
0,0,0.10719015224171777,Correct,Low Risk
0,0,0.26668391651346407,Correct,Low Risk
0,0,0.2053239203990273,Correct,Low Risk
1,1,0.8254972620603063,Correct,High Risk
1,0,0.09018748289142851,False Negative,Low Risk
1,1,0.5186111083413135,Correct,Medium Risk
0,0,0.05265102958307601,Correct,Low Risk
0,0,0.17392626975675612,Correct,Low Risk
0,0,0.4933003301290622,Correct,Medium Risk
1,0,0.4682876100788906,False Negative,Medium Risk
0,0,0.011011044463442476,Correct,Low Risk
0,0,0.2049366692826678,Correct,Low Risk
0,0,0.43499893080175506,Correct,Medium Risk
0,1,0.6337765219252132,False Positive,Medium Risk
0,0,0.004917647774374495,Correct,Low Risk
0,0,0.005271714103886771,Correct,Low Risk
0,0,0.029685284226854784,Correct,Low Risk
0,0,0.187481984290247,Correct,Low Risk
0,0,0.14909062646657312,Correct,Low Risk
0,0,0.11297680003466931,Correct,Low Risk
0,0,0.11679944358690643,Correct,Low Risk
1,1,0.8307445780693719,Correct,High Risk
0,0,0.013048582994114138,Correct,Low Risk
0,0,0.03232179639077917,Correct,Low Risk
0,0,0.08046541874922272,Correct,Low Risk
0,0,0.24827221840646943,Correct,Low Risk
0,0,0.15629538841816357,Correct,Low Risk
1,1,0.5118369285426764,Correct,Medium Risk
0,0,0.0867822096381231,Correct,Low Risk
0,0,0.18763423943334512,Correct,Low Risk
1,0,0.22282358463732105,False Negative,Low Risk
0,0,0.28577963836617687,Correct,Low Risk
0,0,0.008199797416659231,Correct,Low Risk
0,0,0.03276072169839993,Correct,Low Risk
0,1,0.5172477364946337,False Positive,Medium Risk
0,1,0.6756077578030889,False Positive,Medium Risk
0,0,0.4795436568544409,Correct,Medium Risk
0,0,0.12347300793146336,Correct,Low Risk
0,0,0.173334665435229,Correct,Low Risk
0,0,0.2120123414767946,Correct,Low Risk
0,1,0.7450851740826714,False Positive,High Risk
0,0,0.0046978984997310715,Correct,Low Risk
1,0,0.25691656924008255,False Negative,Low Risk
0,0,0.012627801722835915,Correct,Low Risk
0,0,0.010534723473459913,Correct,Low Risk
1,0,0.3803708773857209,False Negative,Low Risk
0,0,0.02082876030956498,Correct,Low Risk
1,0,0.19001909332366346,False Negative,Low Risk
0,0,0.31989415839824875,Correct,Low Risk
0,0,0.03575434102282787,Correct,Low Risk
0,0,0.008485339922745038,Correct,Low Risk
0,0,0.058280227403726216,Correct,Low Risk
0,0,0.03202992423580917,Correct,Low Risk
0,0,0.45865208096045207,Correct,Medium Risk
0,0,0.15593811086800813,Correct,Low Risk
0,0,0.051483587536832354,Correct,Low Risk
1,0,0.15995255762277943,False Negative,Low Risk
0,0,0.11722571204952803,Correct,Low Risk
0,0,0.12445087328205148,Correct,Low Risk
0,0,0.031151922464330756,Correct,Low Risk
0,0,0.11357043911712615,Correct,Low Risk
0,0,0.0058155354786403966,Correct,Low Risk
0,0,0.25594879119369124,Correct,Low Risk
0,0,0.32925360162563116,Correct,Low Risk
1,0,0.4393401617820112,False Negative,Medium Risk
1,0,0.4680338629874208,False Negative,Medium Risk
0,1,0.5323117393070871,False Positive,Medium Risk
0,1,0.5500022447980888,False Positive,Medium Risk
0,0,0.005254660196168399,Correct,Low Risk
1,0,0.34148342695469486,False Negative,Low Risk
0,1,0.7297702268574424,False Positive,High Risk
0,0,0.023082828243023937,Correct,Low Risk
0,0,0.008109807868731934,Correct,Low Risk
0,0,0.044204574497244874,Correct,Low Risk
1,1,0.8076264977669859,Correct,High Risk
0,0,0.3185103807408563,Correct,Low Risk
0,0,0.40774707367283114,Correct,Medium Risk
0,1,0.6097160170173049,False Positive,Medium Risk
0,0,0.20927112313050375,Correct,Low Risk
0,1,0.5503697056591931,False Positive,Medium Risk
0,0,0.008606517939711065,Correct,Low Risk
0,1,0.6617728765077696,False Positive,Medium Risk
0,0,0.2576623632750523,Correct,Low Risk
1,0,0.2689967045699117,False Negative,Low Risk
0,0,0.02703225554692092,Correct,Low Risk
0,1,0.5755411816633456,False Positive,Medium Risk
0,0,0.015544379312576916,Correct,Low Risk
0,0,0.30680798595584124,Correct,Low Risk
0,1,0.5993633659349824,False Positive,Medium Risk
0,0,0.005145611356379659,Correct,Low Risk
0,0,0.04230457312977695,Correct,Low Risk
0,0,0.02150564599031568,Correct,Low Risk
0,0,0.2680650247506274,Correct,Low Risk
0,0,0.005959643084271624,Correct,Low Risk
1,0,0.3463285521995838,False Negative,Low Risk
0,0,0.006054282830919434,Correct,Low Risk
1,1,0.8250602368112898,Correct,High Risk
1,0,0.10209314315561768,False Negative,Low Risk
0,0,0.12166011640757671,Correct,Low Risk
0,0,0.055496341207661004,Correct,Low Risk
1,1,0.540590221122513,Correct,Medium Risk
0,0,0.11541237294890098,Correct,Low Risk
0,0,0.048996158752786165,Correct,Low Risk
0,0,0.21342138880490621,Correct,Low Risk
0,0,0.3426550765549302,Correct,Low Risk
0,0,0.14883089514902925,Correct,Low Risk
0,0,0.0637842536257694,Correct,Low Risk
0,0,0.2710785069137636,Correct,Low Risk
0,0,0.21210719007853288,Correct,Low Risk
1,0,0.42164113052348884,False Negative,Medium Risk
1,0,0.13488945720030343,False Negative,Low Risk
1,0,0.3790783916015171,False Negative,Low Risk
0,0,0.1354514912181022,Correct,Low Risk
0,0,0.23169425876964636,Correct,Low Risk
0,0,0.3026448313476375,Correct,Low Risk
0,0,0.006638262971143396,Correct,Low Risk
0,0,0.46358545394024836,Correct,Medium Risk
0,0,0.09303825274987428,Correct,Low Risk
0,0,0.28346479242976913,Correct,Low Risk
1,1,0.7373524500349278,Correct,High Risk
1,0,0.07012841338082922,False Negative,Low Risk
0,0,0.18352475399083307,Correct,Low Risk
0,0,0.3574408237733964,Correct,Low Risk
0,0,0.007433010634067126,Correct,Low Risk
1,1,0.6954991597382986,Correct,Medium Risk
1,0,0.22823534973138185,False Negative,Low Risk
1,0,0.24608729762251735,False Negative,Low Risk
0,0,0.11480300250869378,Correct,Low Risk
1,1,0.8070413078433011,Correct,High Risk
0,0,0.0722586613480055,Correct,Low Risk
1,1,0.5704427528924265,Correct,Medium Risk
0,0,0.21670026346711396,Correct,Low Risk
0,0,0.029714955951837933,Correct,Low Risk
0,0,0.045732448095530995,Correct,Low Risk
0,1,0.5599354599790305,False Positive,Medium Risk
0,0,0.00910550297663413,Correct,Low Risk
1,0,0.16093331634910105,False Negative,Low Risk
0,0,0.038722859777755476,Correct,Low Risk
0,0,0.39778781538902325,Correct,Low Risk
0,0,0.1518201155543425,Correct,Low Risk
0,0,0.009157867532731805,Correct,Low Risk
0,1,0.7494642278017021,False Positive,High Risk
1,1,0.5515396321825154,Correct,Medium Risk
1,1,0.6095411463878515,Correct,Medium Risk
0,0,0.10546501148001063,Correct,Low Risk
0,0,0.49067751719417546,Correct,Medium Risk
0,0,0.09555087488022725,Correct,Low Risk
1,0,0.32567549203933654,False Negative,Low Risk
1,0,0.33128219767585004,False Negative,Low Risk
0,0,0.05734375813808271,Correct,Low Risk
0,0,0.04537993102407422,Correct,Low Risk
0,1,0.5228844188294411,False Positive,Medium Risk
1,1,0.6178862239177624,Correct,Medium Risk
1,1,0.7037940079207516,Correct,High Risk
1,1,0.7188810620543841,Correct,High Risk
1,0,0.36865961063953057,False Negative,Low Risk
0,0,0.012019358801120593,Correct,Low Risk
0,0,0.39456853016078447,Correct,Low Risk
1,1,0.6059752924915552,Correct,Medium Risk
1,1,0.5651517617114703,Correct,Medium Risk
0,0,0.011523767128292249,Correct,Low Risk
1,0,0.27398762125265264,False Negative,Low Risk
0,0,0.39058813813204396,Correct,Low Risk
0,0,0.2151603474277919,Correct,Low Risk
0,0,0.009511865644784515,Correct,Low Risk
0,0,0.030875664337856316,Correct,Low Risk
0,0,0.006806876790497971,Correct,Low Risk
0,1,0.5657560075800651,False Positive,Medium Risk
0,0,0.0058600413817977304,Correct,Low Risk
0,0,0.004863960532604515,Correct,Low Risk
0,0,0.05023570824903625,Correct,Low Risk
0,0,0.019143131607498778,Correct,Low Risk
1,1,0.7533526333418007,Correct,High Risk
0,0,0.1386956693652188,Correct,Low Risk
0,0,0.054156573572058456,Correct,Low Risk
1,0,0.48421904470143035,False Negative,Medium Risk
0,0,0.24520848933346398,Correct,Low Risk
0,0,0.28215993319956556,Correct,Low Risk
0,0,0.2428820020847948,Correct,Low Risk
1,1,0.634650955702073,Correct,Medium Risk
1,1,0.7875253144904535,Correct,High Risk
0,0,0.09346134760897287,Correct,Low Risk
0,0,0.013578583561524986,Correct,Low Risk
0,0,0.018103697557692183,Correct,Low Risk
1,0,0.3284965674485629,False Negative,Low Risk
0,0,0.04961275367505588,Correct,Low Risk
0,0,0.13461851738038141,Correct,Low Risk
1,1,0.593823443999481,Correct,Medium Risk
0,0,0.010033485473574487,Correct,Low Risk
1,1,0.6081588995298517,Correct,Medium Risk
0,1,0.6672655758788111,False Positive,Medium Risk
0,0,0.04041045613527014,Correct,Low Risk
1,0,0.06564412759489863,False Negative,Low Risk
1,0,0.31380327798096797,False Negative,Low Risk
0,0,0.182425765581615,Correct,Low Risk
0,0,0.030094546548417252,Correct,Low Risk
0,0,0.004633880253961194,Correct,Low Risk
0,0,0.17772607034517526,Correct,Low Risk
0,0,0.08895442145887543,Correct,Low Risk
1,0,0.3423316312260158,False Negative,Low Risk
0,0,0.1552487406010208,Correct,Low Risk
0,0,0.18907836398369482,Correct,Low Risk
0,0,0.016128832350463005,Correct,Low Risk
0,0,0.025138688960112957,Correct,Low Risk
1,1,0.895067275004072,Correct,High Risk
1,0,0.20547897272157628,False Negative,Low Risk
0,0,0.050919411409743424,Correct,Low Risk
1,1,0.7117216260791114,Correct,High Risk
1,1,0.5579152056637595,Correct,Medium Risk
0,0,0.007457430975972666,Correct,Low Risk
0,0,0.013425882115564503,Correct,Low Risk
1,0,0.1632754906603063,False Negative,Low Risk
0,0,0.010580967786421583,Correct,Low Risk
1,1,0.8731838342081973,Correct,High Risk
1,1,0.5569474812090037,Correct,Medium Risk
0,1,0.8259289003972615,False Positive,High Risk
1,1,0.8134653489935005,Correct,High Risk
0,0,0.03331175156463511,Correct,Low Risk
1,0,0.48300561688489246,False Negative,Medium Risk
0,0,0.03383722175468689,Correct,Low Risk
0,1,0.6224362373661421,False Positive,Medium Risk
0,0,0.18131019907350077,Correct,Low Risk
0,0,0.07427654593751229,Correct,Low Risk
0,0,0.031007221998457565,Correct,Low Risk
1,0,0.11668609965062995,False Negative,Low Risk
0,0,0.18314802938903238,Correct,Low Risk
0,0,0.005239388506946274,Correct,Low Risk
0,1,0.5657776296882652,False Positive,Medium Risk
0,0,0.06620493153951071,Correct,Low Risk
0,0,0.08306277737975004,Correct,Low Risk
0,0,0.008509686427251736,Correct,Low Risk
0,0,0.3637697671050363,Correct,Low Risk
0,0,0.28245126532841613,Correct,Low Risk
1,1,0.8757602931039803,Correct,High Risk
1,1,0.776248438121383,Correct,High Risk
1,0,0.17084049439676396,False Negative,Low Risk
1,0,0.39174345795692306,False Negative,Low Risk
0,0,0.34517775997041644,Correct,Low Risk
1,0,0.12509132654255045,False Negative,Low Risk
1,1,0.587097084106395,Correct,Medium Risk
1,1,0.8304175476232046,Correct,High Risk
0,0,0.0035869054538676844,Correct,Low Risk
0,0,0.07681324115916502,Correct,Low Risk
0,0,0.1876871803922609,Correct,Low Risk
0,0,0.44005643930302346,Correct,Medium Risk
0,0,0.009822053383558871,Correct,Low Risk
0,0,0.07766413708584817,Correct,Low Risk
0,0,0.0658482682870038,Correct,Low Risk
0,0,0.011330857953660305,Correct,Low Risk
0,1,0.6642270434895471,False Positive,Medium Risk
0,0,0.0035132683824070704,Correct,Low Risk
0,0,0.10621220263688835,Correct,Low Risk
0,0,0.3186894764159818,Correct,Low Risk
0,0,0.06359057722568869,Correct,Low Risk
0,0,0.23427502952719267,Correct,Low Risk
0,0,0.1119201805728603,Correct,Low Risk
0,0,0.40699230313237417,Correct,Medium Risk
0,0,0.20269060791834553,Correct,Low Risk
0,0,0.11818148962947383,Correct,Low Risk
0,0,0.08530670818932799,Correct,Low Risk
1,1,0.5978212819734209,Correct,Medium Risk
0,0,0.047302622093133774,Correct,Low Risk
0,0,0.0283108442599368,Correct,Low Risk
1,0,0.154887837305773,False Negative,Low Risk
1,1,0.5259847484420556,Correct,Medium Risk
1,0,0.24396261813095496,False Negative,Low Risk
0,0,0.019119760553563802,Correct,Low Risk
0,0,0.08740247353547366,Correct,Low Risk
0,0,0.03738134945921553,Correct,Low Risk
0,0,0.21519234416009345,Correct,Low Risk
0,0,0.4544259415069592,Correct,Medium Risk
1,1,0.5961324527535179,Correct,Medium Risk
0,0,0.31409146763832607,Correct,Low Risk
1,0,0.012156349929257938,False Negative,Low Risk
0,0,0.4060508292227676,Correct,Medium Risk
0,0,0.2935902863204583,Correct,Low Risk
0,0,0.040985306416732974,Correct,Low Risk
0,0,0.10090450721714292,Correct,Low Risk
0,0,0.06565575642385972,Correct,Low Risk
1,1,0.7777936784760414,Correct,High Risk
0,0,0.014306878072200994,Correct,Low Risk
1,0,0.2011145249910821,False Negative,Low Risk
0,0,0.03960990111822203,Correct,Low Risk
0,0,0.1794687188273286,Correct,Low Risk
0,0,0.05160705930970408,Correct,Low Risk
0,0,0.3234572571994238,Correct,Low Risk
0,1,0.5098944492995656,False Positive,Medium Risk
0,0,0.10324960304310764,Correct,Low Risk
0,0,0.06901297922343363,Correct,Low Risk
0,0,0.015514804502360553,Correct,Low Risk
0,0,0.14175491352564468,Correct,Low Risk
0,0,0.006054189590840809,Correct,Low Risk
0,0,0.17855609764508573,Correct,Low Risk
1,0,0.4965443418862537,False Negative,Medium Risk
0,0,0.008609515448391059,Correct,Low Risk
0,0,0.013964597580097975,Correct,Low Risk
1,1,0.8975971763147331,Correct,High Risk
0,1,0.6309946574453862,False Positive,Medium Risk
0,0,0.48957246868769383,Correct,Medium Risk
1,1,0.7293715441661593,Correct,High Risk
1,0,0.40810286817043767,False Negative,Medium Risk
0,0,0.071478663060963,Correct,Low Risk
0,0,0.18076617521818406,Correct,Low Risk
1,0,0.23004954839974456,False Negative,Low Risk
0,1,0.6147101986631481,False Positive,Medium Risk
0,0,0.11472889064167463,Correct,Low Risk
0,0,0.011716272390958465,Correct,Low Risk
0,0,0.00437143490565214,Correct,Low Risk
0,0,0.17871848955369224,Correct,Low Risk
0,0,0.4901004658393842,Correct,Medium Risk
0,0,0.029325596839141398,Correct,Low Risk
0,0,0.444622181032805,Correct,Medium Risk
0,1,0.6437029533162096,False Positive,Medium Risk
0,0,0.03764287706729346,Correct,Low Risk
1,1,0.7775915951035267,Correct,High Risk
1,0,0.3458397113903416,False Negative,Low Risk
0,0,0.16645649844377686,Correct,Low Risk
1,0,0.24693728501801623,False Negative,Low Risk
0,0,0.00787398740037772,Correct,Low Risk
0,1,0.8323133135430625,False Positive,High Risk
0,1,0.6602773734275358,False Positive,Medium Risk
1,1,0.6143857188468603,Correct,Medium Risk
0,0,0.04704328663488462,Correct,Low Risk
0,0,0.17320834428949053,Correct,Low Risk
0,0,0.011659775216631202,Correct,Low Risk
0,0,0.04690019144665117,Correct,Low Risk
1,1,0.8262928208085476,Correct,High Risk
0,0,0.4953264819977702,Correct,Medium Risk
0,0,0.20519477642658374,Correct,Low Risk
1,1,0.6235896799500324,Correct,Medium Risk
1,0,0.24588848958807402,False Negative,Low Risk
1,0,0.1812608421772488,False Negative,Low Risk
0,1,0.7469229628461194,False Positive,High Risk
0,0,0.01275053963004923,Correct,Low Risk
0,0,0.01702791626174001,Correct,Low Risk
1,1,0.8126976885414786,Correct,High Risk
0,0,0.03892318958434132,Correct,Low Risk
0,0,0.008818664680334985,Correct,Low Risk
0,0,0.006746536994007407,Correct,Low Risk
0,0,0.2411172448570091,Correct,Low Risk
0,0,0.020107068184195505,Correct,Low Risk
0,0,0.01693887559179738,Correct,Low Risk
0,0,0.3737182906499552,Correct,Low Risk
1,0,0.08719688265100924,False Negative,Low Risk
1,0,0.40737202067804523,False Negative,Medium Risk
0,0,0.05260248305397248,Correct,Low Risk
0,0,0.4179318303534106,Correct,Medium Risk
0,0,0.005897730047136062,Correct,Low Risk
1,1,0.8863223021649295,Correct,High Risk
0,0,0.35167193638294053,Correct,Low Risk
0,1,0.5382989511322807,False Positive,Medium Risk
0,0,0.26306690380718684,Correct,Low Risk
0,0,0.3847156817432499,Correct,Low Risk
0,0,0.11697768054420131,Correct,Low Risk
0,0,0.046472207973992305,Correct,Low Risk
0,0,0.314993925070571,Correct,Low Risk
0,0,0.4767108412040947,Correct,Medium Risk
1,1,0.8376221693304768,Correct,High Risk
0,0,0.06786439400022111,Correct,Low Risk
0,0,0.3925809040978317,Correct,Low Risk
1,1,0.7416718403456699,Correct,High Risk
0,0,0.4483352504802224,Correct,Medium Risk
1,0,0.3971031686108243,False Negative,Low Risk
0,0,0.08403793158882612,Correct,Low Risk
0,0,0.049178792216675045,Correct,Low Risk
0,0,0.020933789727252163,Correct,Low Risk
0,0,0.12032625896585901,Correct,Low Risk
0,0,0.03022777617382584,Correct,Low Risk
0,0,0.03198473142445259,Correct,Low Risk
1,0,0.48284727691615803,False Negative,Medium Risk
0,0,0.019225764254524838,Correct,Low Risk
0,0,0.016265717156985434,Correct,Low Risk
0,0,0.35982728835335315,Correct,Low Risk
0,0,0.11539203742155299,Correct,Low Risk
1,1,0.8688428920605673,Correct,High Risk
0,0,0.11894326804447218,Correct,Low Risk
0,0,0.05681306209459241,Correct,Low Risk
0,0,0.11363529155302879,Correct,Low Risk
0,0,0.04274031643032282,Correct,Low Risk
0,0,0.006492628172028751,Correct,Low Risk
1,1,0.643272099478584,Correct,Medium Risk
0,0,0.029463128312139653,Correct,Low Risk
1,0,0.05577749558671427,False Negative,Low Risk
1,0,0.2734839792990636,False Negative,Low Risk
0,0,0.3626079464368761,Correct,Low Risk
1,0,0.19276616041461772,False Negative,Low Risk
0,0,0.01226110826571766,Correct,Low Risk
0,1,0.53937627691816,False Positive,Medium Risk
0,0,0.019672096871600205,Correct,Low Risk
0,0,0.17098556063042025,Correct,Low Risk
0,0,0.07903558380869954,Correct,Low Risk
0,0,0.03186228552607164,Correct,Low Risk
0,0,0.4735184076959496,Correct,Medium Risk
0,0,0.21121167220238804,Correct,Low Risk
0,0,0.08604105338470919,Correct,Low Risk
0,0,0.31897697488569365,Correct,Low Risk
0,0,0.23478006094637888,Correct,Low Risk
0,0,0.18014793028083181,Correct,Low Risk
0,0,0.02895665734280398,Correct,Low Risk
1,1,0.8097983070642005,Correct,High Risk
0,1,0.7814370757397696,False Positive,High Risk
0,0,0.040980511943612276,Correct,Low Risk
1,1,0.7985435382463476,Correct,High Risk
0,0,0.4842959120630866,Correct,Medium Risk
1,1,0.557941154850416,Correct,Medium Risk
0,0,0.016950290091465807,Correct,Low Risk
0,0,0.10628661299923921,Correct,Low Risk
0,0,0.4392043922323924,Correct,Medium Risk
0,0,0.11640535694755626,Correct,Low Risk
0,0,0.087489006920549,Correct,Low Risk
0,0,0.010861922001556877,Correct,Low Risk
0,0,0.06714104181387966,Correct,Low Risk
1,1,0.5194863058257753,Correct,Medium Risk
0,0,0.01684068386356682,Correct,Low Risk
1,1,0.8145181497714525,Correct,High Risk
1,0,0.4713254405786754,False Negative,Medium Risk
1,1,0.6187236116410235,Correct,Medium Risk
0,0,0.31024127432204623,Correct,Low Risk
0,0,0.040393594200265816,Correct,Low Risk
1,1,0.6755366486094998,Correct,Medium Risk
0,0,0.47017678963970955,Correct,Medium Risk
0,0,0.04784288921664328,Correct,Low Risk
0,0,0.05265941324530655,Correct,Low Risk
0,0,0.0039001261470481504,Correct,Low Risk
0,0,0.05054620951708739,Correct,Low Risk
0,1,0.5670254977534581,False Positive,Medium Risk
0,0,0.03819934235884433,Correct,Low Risk
1,0,0.15288940634436118,False Negative,Low Risk
0,0,0.2899580949165469,Correct,Low Risk
0,0,0.01444130546169693,Correct,Low Risk
1,0,0.43599958589940296,False Negative,Medium Risk
0,0,0.02561833458263757,Correct,Low Risk
0,0,0.09261159389095083,Correct,Low Risk
1,1,0.6557138426236144,Correct,Medium Risk
0,0,0.025873015183828126,Correct,Low Risk
1,0,0.06242675524392098,False Negative,Low Risk
0,0,0.00923581331877794,Correct,Low Risk
0,0,0.04979310952007719,Correct,Low Risk
0,0,0.47953619429959754,Correct,Medium Risk
0,0,0.01141199990807241,Correct,Low Risk
1,0,0.4936611868211552,False Negative,Medium Risk
0,0,0.20547897272157628,Correct,Low Risk
1,0,0.46645368998382786,False Negative,Medium Risk
0,0,0.12120473101583179,Correct,Low Risk
0,0,0.2591512731495453,Correct,Low Risk
0,0,0.04633263954457142,Correct,Low Risk
1,0,0.15622559090932656,False Negative,Low Risk
0,0,0.06779494268517054,Correct,Low Risk
0,0,0.035074219171547696,Correct,Low Risk
0,1,0.506416861239132,False Positive,Medium Risk
0,0,0.3225558893502931,Correct,Low Risk
1,0,0.39330648438295296,False Negative,Low Risk
0,0,0.42267904382334304,Correct,Medium Risk
0,0,0.017687913412366793,Correct,Low Risk
0,0,0.02354826651118587,Correct,Low Risk
0,0,0.005201911917142356,Correct,Low Risk
0,0,0.2617761848375345,Correct,Low Risk
0,0,0.30605939242894287,Correct,Low Risk
1,1,0.8793243553105521,Correct,High Risk
0,0,0.30364363512846787,Correct,Low Risk
1,0,0.15048189042285295,False Negative,Low Risk
1,0,0.19059115897334097,False Negative,Low Risk
0,0,0.19494256555318668,Correct,Low Risk
0,0,0.21686652551457808,Correct,Low Risk
0,0,0.23419918182444535,Correct,Low Risk
0,0,0.02436870885812397,Correct,Low Risk
1,1,0.6066721212412669,Correct,Medium Risk
0,1,0.5979584861360535,False Positive,Medium Risk
1,1,0.7458200846940761,Correct,High Risk
0,0,0.010540709781981891,Correct,Low Risk
0,0,0.40333877540980295,Correct,Medium Risk
0,0,0.036465961687495094,Correct,Low Risk
0,0,0.08998995946550048,Correct,Low Risk
0,0,0.48128657151801296,Correct,Medium Risk
0,0,0.4509805250412478,Correct,Medium Risk
0,1,0.8834544257342193,False Positive,High Risk
1,0,0.2242990192785426,False Negative,Low Risk
0,0,0.12802538766447077,Correct,Low Risk
0,0,0.3819069610934022,Correct,Low Risk
0,0,0.21933617509538722,Correct,Low Risk
1,1,0.5079646903834616,Correct,Medium Risk
0,0,0.0075996699748969694,Correct,Low Risk
1,0,0.3741143324549349,False Negative,Low Risk
0,0,0.017750895395209607,Correct,Low Risk
0,1,0.7059923648603706,False Positive,High Risk
0,0,0.11041106423806098,Correct,Low Risk
0,1,0.649006329053453,False Positive,Medium Risk
0,0,0.006276125481494521,Correct,Low Risk
0,0,0.08439553460643871,Correct,Low Risk
0,0,0.15572828584920104,Correct,Low Risk
1,1,0.5304984493129807,Correct,Medium Risk
0,0,0.02699612596026773,Correct,Low Risk
0,1,0.5040401518835983,False Positive,Medium Risk
1,1,0.658801340111287,Correct,Medium Risk
1,0,0.19677509119037598,False Negative,Low Risk
0,0,0.14547169084341138,Correct,Low Risk
1,0,0.09402914692433878,False Negative,Low Risk
1,1,0.8014099759836363,Correct,High Risk
0,0,0.05709546689806786,Correct,Low Risk
0,1,0.5064246333213149,False Positive,Medium Risk
1,1,0.6210249264016244,Correct,Medium Risk
0,0,0.0768198416945727,Correct,Low Risk
0,0,0.14634669404751052,Correct,Low Risk
0,0,0.2934538226975037,Correct,Low Risk
0,0,0.08535328104234048,Correct,Low Risk
0,0,0.08543754449790471,Correct,Low Risk
0,1,0.6622300407342752,False Positive,Medium Risk
1,1,0.6364475365976787,Correct,Medium Risk
0,0,0.05686288009052142,Correct,Low Risk
1,0,0.15852729694591605,False Negative,Low Risk
0,0,0.016372394951479737,Correct,Low Risk
1,0,0.4133035668596774,False Negative,Medium Risk
0,0,0.013729167495842045,Correct,Low Risk
0,0,0.2965624231268768,Correct,Low Risk
0,0,0.205375594863312,Correct,Low Risk
0,0,0.2849363109117435,Correct,Low Risk
0,0,0.10788322879470753,Correct,Low Risk
1,0,0.027783903029569342,False Negative,Low Risk
0,0,0.1151609276267389,Correct,Low Risk
0,0,0.3706359415326843,Correct,Low Risk
0,0,0.01719749412689331,Correct,Low Risk
0,0,0.273338585489392,Correct,Low Risk
0,0,0.4152773615459533,Correct,Medium Risk
0,0,0.01303110157172844,Correct,Low Risk
0,0,0.4521112461416329,Correct,Medium Risk
0,0,0.0060385909834328256,Correct,Low Risk
1,1,0.8427437862976435,Correct,High Risk
0,0,0.02304535821171626,Correct,Low Risk
0,0,0.08957828235024923,Correct,Low Risk
0,1,0.7726734103041272,False Positive,High Risk
0,0,0.031720586086779315,Correct,Low Risk
0,0,0.44563590399996844,Correct,Medium Risk
0,0,0.17005447537244675,Correct,Low Risk
1,1,0.8474935567260667,Correct,High Risk
1,1,0.7610775497081038,Correct,High Risk
1,1,0.5650543111794607,Correct,Medium Risk
1,1,0.5773622887536665,Correct,Medium Risk
1,0,0.04747570886449303,False Negative,Low Risk
0,1,0.8687568002489323,False Positive,High Risk
0,0,0.00659108760735406,Correct,Low Risk
1,1,0.730929763992652,Correct,High Risk
0,0,0.003833318034156669,Correct,Low Risk
0,0,0.3056607800515863,Correct,Low Risk
0,1,0.6066728384756469,False Positive,Medium Risk
1,1,0.6920065758922556,Correct,Medium Risk
0,0,0.12426773758253733,Correct,Low Risk
1,1,0.7501636128925323,Correct,High Risk
0,0,0.03692752959697614,Correct,Low Risk
1,0,0.42109656404200363,False Negative,Medium Risk
0,0,0.10103248619817548,Correct,Low Risk
0,0,0.0076760724917351465,Correct,Low Risk
0,0,0.034064267850007095,Correct,Low Risk
1,1,0.5261708033228679,Correct,Medium Risk
0,0,0.4342681721660749,Correct,Medium Risk
0,0,0.007448225195244819,Correct,Low Risk
0,0,0.00890214571506266,Correct,Low Risk
0,0,0.008483668578366917,Correct,Low Risk
0,0,0.26795533686304873,Correct,Low Risk
0,0,0.2110084627936653,Correct,Low Risk
0,1,0.7269281459397912,False Positive,High Risk
0,0,0.01646318348520654,Correct,Low Risk
0,0,0.13647678302529664,Correct,Low Risk
0,1,0.5779049989590564,False Positive,Medium Risk
0,0,0.1730140496663767,Correct,Low Risk
0,0,0.2793385647621092,Correct,Low Risk
1,1,0.5297718794515913,Correct,Medium Risk
1,1,0.6141200524229357,Correct,Medium Risk
0,0,0.23180701976667684,Correct,Low Risk
0,0,0.1247191559756892,Correct,Low Risk
0,0,0.027843660286606144,Correct,Low Risk
0,0,0.006243212899713561,Correct,Low Risk
0,0,0.08219734278028369,Correct,Low Risk
0,0,0.008692836556559625,Correct,Low Risk
1,1,0.7349419392492801,Correct,High Risk
0,0,0.31222302755483744,Correct,Low Risk
0,0,0.3014148367877195,Correct,Low Risk
0,0,0.04276725872145641,Correct,Low Risk
0,0,0.007719171524744144,Correct,Low Risk
1,0,0.12675126312388466,False Negative,Low Risk
0,1,0.5745238895488637,False Positive,Medium Risk
0,0,0.4028108316496474,Correct,Medium Risk
0,1,0.7954854170029373,False Positive,High Risk
1,0,0.26900846617196966,False Negative,Low Risk
1,0,0.434153816546865,False Negative,Medium Risk
0,0,0.007739092129845607,Correct,Low Risk
0,0,0.3107630123868611,Correct,Low Risk
0,0,0.3738662723718724,Correct,Low Risk
0,0,0.49993050537028866,Correct,Medium Risk
0,0,0.1957758806888564,Correct,Low Risk
0,0,0.07984097714045349,Correct,Low Risk
0,0,0.1328566919948703,Correct,Low Risk
1,0,0.3016906810426764,False Negative,Low Risk
0,0,0.04373736049649894,Correct,Low Risk
1,1,0.6370459060638969,Correct,Medium Risk
0,0,0.019554436747227382,Correct,Low Risk
0,0,0.062210299564059324,Correct,Low Risk
0,0,0.4806287418289751,Correct,Medium Risk
0,0,0.040554471441722306,Correct,Low Risk
0,0,0.2441956134503885,Correct,Low Risk
0,0,0.020697690559411813,Correct,Low Risk
0,0,0.13573686499523255,Correct,Low Risk
0,0,0.1240832803070729,Correct,Low Risk
0,0,0.060936470141599065,Correct,Low Risk
0,0,0.09750421678053815,Correct,Low Risk
0,0,0.22061357245218832,Correct,Low Risk
1,0,0.20545312464076482,False Negative,Low Risk
0,0,0.020703903422823623,Correct,Low Risk
0,0,0.009183543109775606,Correct,Low Risk
0,0,0.4130076320825553,Correct,Medium Risk
0,0,0.3328803165360081,Correct,Low Risk
1,0,0.205220600399611,False Negative,Low Risk
0,0,0.019454943411341928,Correct,Low Risk
0,0,0.019940805973737753,Correct,Low Risk
0,0,0.4925316959324043,Correct,Medium Risk
0,0,0.15546547669971808,Correct,Low Risk
0,0,0.2403562408857458,Correct,Low Risk
0,0,0.014831959777192446,Correct,Low Risk
0,0,0.04813714647641186,Correct,Low Risk
0,0,0.19492531804750515,Correct,Low Risk
0,0,0.20190925507748422,Correct,Low Risk
1,1,0.7472654897799275,Correct,High Risk
0,0,0.3203974834644213,Correct,Low Risk
0,0,0.17481919366801613,Correct,Low Risk
0,0,0.045511880301516615,Correct,Low Risk
0,0,0.28772757460674764,Correct,Low Risk
0,0,0.171068526815753,Correct,Low Risk
1,1,0.5707393445648957,Correct,Medium Risk
0,0,0.07629571280022093,Correct,Low Risk
0,0,0.0836253760369846,Correct,Low Risk
0,0,0.02790044957327221,Correct,Low Risk
0,0,0.04979730439239775,Correct,Low Risk
1,0,0.23340364971283348,False Negative,Low Risk
0,0,0.06886650874284159,Correct,Low Risk
0,0,0.1250169617888399,Correct,Low Risk
0,1,0.7199276367315299,False Positive,High Risk
1,0,0.22674723550577602,False Negative,Low Risk
0,0,0.03688867459731142,Correct,Low Risk
0,0,0.05238651743227364,Correct,Low Risk
0,0,0.04575565516929402,Correct,Low Risk
0,0,0.4364738766807322,Correct,Medium Risk
0,0,0.027596612921084385,Correct,Low Risk
0,0,0.007073671715833631,Correct,Low Risk
1,1,0.6286301701919272,Correct,Medium Risk
0,0,0.017620730166520233,Correct,Low Risk
1,1,0.6349266304241291,Correct,Medium Risk
0,0,0.005371051263554662,Correct,Low Risk
0,0,0.011843333535522246,Correct,Low Risk
1,0,0.40144308964597697,False Negative,Medium Risk
0,0,0.022764709664522334,Correct,Low Risk
0,0,0.22252263399266076,Correct,Low Risk
1,1,0.5909476918321646,Correct,Medium Risk
0,0,0.1971959905605622,Correct,Low Risk
1,1,0.7304558347723894,Correct,High Risk
0,0,0.2736098356529896,Correct,Low Risk
0,0,0.05136048145732868,Correct,Low Risk
0,0,0.010392788632771233,Correct,Low Risk
0,0,0.12579136991306067,Correct,Low Risk
0,0,0.2368324512363934,Correct,Low Risk
0,0,0.21071292580742493,Correct,Low Risk
0,1,0.5021953260494755,False Positive,Medium Risk
0,1,0.5194552091987227,False Positive,Medium Risk
0,0,0.17811142366919622,Correct,Low Risk
0,0,0.03412230564661383,Correct,Low Risk
0,0,0.08057962949755543,Correct,Low Risk
1,0,0.453793678112858,False Negative,Medium Risk
0,0,0.08699727527712668,Correct,Low Risk
0,0,0.11232905849376537,Correct,Low Risk
0,0,0.02344957460600367,Correct,Low Risk
0,1,0.686056528181212,False Positive,Medium Risk
1,1,0.7965912740406039,Correct,High Risk
0,0,0.41052899561776424,Correct,Medium Risk
0,0,0.41047720029754714,Correct,Medium Risk
0,0,0.013049451884652431,Correct,Low Risk
0,0,0.04954493121324072,Correct,Low Risk
1,1,0.7243587750956701,Correct,High Risk
0,0,0.04797256206214671,Correct,Low Risk
1,1,0.9556545960404321,Correct,High Risk
0,0,0.2620634829041805,Correct,Low Risk
0,1,0.7478209477512029,False Positive,High Risk
1,1,0.5465246033431135,Correct,Medium Risk
0,0,0.381800920491764,Correct,Low Risk
0,0,0.07166900895095678,Correct,Low Risk
0,0,0.03526077996369426,Correct,Low Risk
0,0,0.20503988321269703,Correct,Low Risk
0,0,0.07976138294115688,Correct,Low Risk
1,0,0.0065637404074123445,False Negative,Low Risk
1,0,0.08097829435982264,False Negative,Low Risk
1,0,0.45022400550521774,False Negative,Medium Risk
0,1,0.5136901571449207,False Positive,Medium Risk
0,0,0.02432878687068051,Correct,Low Risk
0,0,0.43281843056995295,Correct,Medium Risk
0,0,0.007606283033743341,Correct,Low Risk
0,0,0.4153124077760748,Correct,Medium Risk
0,0,0.4596195594155537,Correct,Medium Risk
0,0,0.09204373331200111,Correct,Low Risk
1,1,0.9300271916948776,Correct,High Risk
0,0,0.015461728152990661,Correct,Low Risk
0,0,0.014423850140428723,Correct,Low Risk
0,0,0.41422531484270736,Correct,Medium Risk
0,0,0.23789846731994937,Correct,Low Risk
0,0,0.023465247475868523,Correct,Low Risk
0,0,0.16770811916682501,Correct,Low Risk
1,1,0.8430061001052509,Correct,High Risk
1,1,0.75344421609254,Correct,High Risk
1,1,0.821746540621139,Correct,High Risk
0,0,0.438028991492985,Correct,Medium Risk
1,0,0.4832473198048389,False Negative,Medium Risk
0,0,0.011678164599811329,Correct,Low Risk
0,0,0.016407629876694082,Correct,Low Risk
0,1,0.6364716616412511,False Positive,Medium Risk
0,0,0.005770472793123253,Correct,Low Risk
0,0,0.2856216322441052,Correct,Low Risk
0,0,0.37559762640137245,Correct,Low Risk
1,1,0.6971386625001402,Correct,Medium Risk
0,0,0.018719554068833258,Correct,Low Risk
0,0,0.03746044464086734,Correct,Low Risk
0,0,0.01617932011476134,Correct,Low Risk
0,0,0.0447440604682621,Correct,Low Risk
0,0,0.32128303830430943,Correct,Low Risk
1,1,0.8415979984281767,Correct,High Risk
0,0,0.02117348120089652,Correct,Low Risk
1,1,0.5174565109674006,Correct,Medium Risk
0,0,0.005990421098997179,Correct,Low Risk
1,0,0.26152435320900974,False Negative,Low Risk
1,1,0.8862068359420571,Correct,High Risk
1,0,0.384939228892737,False Negative,Low Risk
0,0,0.3145734152057006,Correct,Low Risk
1,0,0.14774237657615108,False Negative,Low Risk
0,0,0.00943017135649939,Correct,Low Risk
0,0,0.01080433396177372,Correct,Low Risk
0,0,0.02689960896990143,Correct,Low Risk
1,0,0.04199388299492636,False Negative,Low Risk
1,1,0.6240472786057947,Correct,Medium Risk
0,0,0.2200796699173307,Correct,Low Risk
1,0,0.484745006700284,False Negative,Medium Risk
0,0,0.42076090717950276,Correct,Medium Risk
1,0,0.3792292721170372,False Negative,Low Risk
1,1,0.577166434551843,Correct,Medium Risk
0,0,0.4492129845945012,Correct,Medium Risk
0,0,0.00939892633139028,Correct,Low Risk
0,0,0.029436475443534886,Correct,Low Risk
1,1,0.5174680072070375,Correct,Medium Risk
0,0,0.01283535896298198,Correct,Low Risk
1,0,0.37129899229649815,False Negative,Low Risk
1,1,0.64106921694145,Correct,Medium Risk
1,1,0.6153319380702614,Correct,Medium Risk
1,1,0.5433096855316356,Correct,Medium Risk
0,0,0.19859806065082894,Correct,Low Risk
0,0,0.036452203448003394,Correct,Low Risk
1,1,0.5403584704255304,Correct,Medium Risk
1,1,0.8297817129914407,Correct,High Risk
0,0,0.01631459053936456,Correct,Low Risk
0,0,0.045729096747612455,Correct,Low Risk
0,0,0.018959077641213355,Correct,Low Risk
0,0,0.03303843940471068,Correct,Low Risk
0,0,0.23800701443012737,Correct,Low Risk
0,0,0.022217829428300584,Correct,Low Risk
0,1,0.639408280960029,False Positive,Medium Risk
0,1,0.6949367875806969,False Positive,Medium Risk
1,0,0.3571289276475886,False Negative,Low Risk
0,0,0.060123731437657695,Correct,Low Risk
1,1,0.8369841393166839,Correct,High Risk
0,0,0.09456142141862943,Correct,Low Risk
0,0,0.10461921086873413,Correct,Low Risk
1,1,0.7479118077996333,Correct,High Risk
0,0,0.13695532359944182,Correct,Low Risk
0,0,0.052181434847009496,Correct,Low Risk
1,0,0.261023746567213,False Negative,Low Risk
0,0,0.48397133636105927,Correct,Medium Risk
0,0,0.0739179551575402,Correct,Low Risk
0,0,0.08363433714343661,Correct,Low Risk
0,0,0.029616921995627234,Correct,Low Risk
1,0,0.41493196564748586,False Negative,Medium Risk
0,0,0.45429492305997754,Correct,Medium Risk
1,1,0.7459749332900569,Correct,High Risk
0,0,0.06401426010177373,Correct,Low Risk
0,0,0.4662494425317412,Correct,Medium Risk
0,1,0.5420887785212684,False Positive,Medium Risk
0,0,0.3476723326639973,Correct,Low Risk
0,0,0.22459411382360805,Correct,Low Risk
0,0,0.007764797573500613,Correct,Low Risk
0,0,0.08708327836448193,Correct,Low Risk
0,0,0.03215933169016944,Correct,Low Risk
1,1,0.8352726193320178,Correct,High Risk
0,0,0.08881561925340228,Correct,Low Risk
0,0,0.007574845551404325,Correct,Low Risk
1,0,0.4750781904124941,False Negative,Medium Risk
0,0,0.3190334438671379,Correct,Low Risk
0,0,0.09423148712305651,Correct,Low Risk
0,0,0.05798157974721234,Correct,Low Risk
0,0,0.005393732549797953,Correct,Low Risk
1,0,0.2629205867891618,False Negative,Low Risk
0,0,0.23680305741015278,Correct,Low Risk
0,0,0.1800481564385729,Correct,Low Risk
0,1,0.5304195758134279,False Positive,Medium Risk
0,0,0.16338385519233117,Correct,Low Risk
0,0,0.016258622911800975,Correct,Low Risk
1,1,0.7522977840262897,Correct,High Risk
0,0,0.20650106821191458,Correct,Low Risk
0,1,0.5066587101776205,False Positive,Medium Risk
0,0,0.06537869435783639,Correct,Low Risk
0,1,0.6692413921824548,False Positive,Medium Risk
1,1,0.5195464763861011,Correct,Medium Risk
1,0,0.43194124892029373,False Negative,Medium Risk
0,0,0.050343466560265324,Correct,Low Risk
0,0,0.00851046157659942,Correct,Low Risk
0,0,0.4680294941991385,Correct,Medium Risk
1,1,0.9459459895837145,Correct,High Risk
0,1,0.8612217169408933,False Positive,High Risk
1,1,0.5174933933581667,Correct,Medium Risk
1,1,0.519282164798937,Correct,Medium Risk
0,0,0.3969084591027731,Correct,Low Risk
0,0,0.021525236671931226,Correct,Low Risk
0,0,0.02084562114200117,Correct,Low Risk
0,0,0.005412875599119936,Correct,Low Risk
1,0,0.48241453425055947,False Negative,Medium Risk
0,0,0.010645099569948024,Correct,Low Risk
0,0,0.21579822913792973,Correct,Low Risk
0,0,0.26392166239119846,Correct,Low Risk
1,1,0.8055369300804082,Correct,High Risk
0,0,0.15938709914082347,Correct,Low Risk
0,0,0.3602810002956062,Correct,Low Risk
1,1,0.552585177359778,Correct,Medium Risk
0,0,0.01956848152806885,Correct,Low Risk
0,0,0.08659583375522967,Correct,Low Risk
0,0,0.007306632073854568,Correct,Low Risk
0,0,0.09104089536046239,Correct,Low Risk
0,0,0.04925882319951767,Correct,Low Risk
0,0,0.1738122376253493,Correct,Low Risk
0,0,0.3878021233049397,Correct,Low Risk
0,0,0.017323954691651183,Correct,Low Risk
0,0,0.06264352197058931,Correct,Low Risk
0,0,0.36631440000763693,Correct,Low Risk
1,0,0.2622079135800994,False Negative,Low Risk
0,0,0.04265304510188209,Correct,Low Risk
0,1,0.5322055189210313,False Positive,Medium Risk
1,1,0.5982132296883174,Correct,Medium Risk
0,0,0.2895953141326693,Correct,Low Risk
1,1,0.8259289003972615,Correct,High Risk
0,0,0.05466610108865566,Correct,Low Risk
1,0,0.3805501711630442,False Negative,Low Risk
0,0,0.2955213482013308,Correct,Low Risk
0,0,0.006712692642073413,Correct,Low Risk
1,1,0.6859542114251594,Correct,Medium Risk
0,0,0.0722294084327106,Correct,Low Risk
1,1,0.879304301205131,Correct,High Risk
0,0,0.02227142634925945,Correct,Low Risk
0,0,0.026933638267118587,Correct,Low Risk
0,0,0.030876207895197846,Correct,Low Risk
0,0,0.16092405989379413,Correct,Low Risk
0,0,0.11868944344417869,Correct,Low Risk
0,0,0.014899492112035758,Correct,Low Risk
0,0,0.1258341411006373,Correct,Low Risk
1,1,0.6678087477685829,Correct,Medium Risk
0,0,0.019716888618443017,Correct,Low Risk
0,1,0.6189579895409484,False Positive,Medium Risk
1,1,0.593734133993718,Correct,Medium Risk
0,0,0.3351151421775721,Correct,Low Risk
0,0,0.08079910999578648,Correct,Low Risk
0,0,0.003319283744400886,Correct,Low Risk
1,1,0.7730417428219243,Correct,High Risk
0,0,0.30263451194974983,Correct,Low Risk
1,0,0.14786208239614557,False Negative,Low Risk
1,0,0.34246699193737956,False Negative,Low Risk
0,0,0.09035573322110614,Correct,Low Risk
0,0,0.15533476297872711,Correct,Low Risk
0,0,0.2468573524017136,Correct,Low Risk
0,0,0.02385952204284304,Correct,Low Risk
0,0,0.007394576785282262,Correct,Low Risk
0,0,0.18250062123937608,Correct,Low Risk
1,0,0.3478142287548968,False Negative,Low Risk
0,1,0.7801909097965993,False Positive,High Risk
1,1,0.7382441281383557,Correct,High Risk
0,0,0.07811867389636845,Correct,Low Risk
1,1,0.6443377342276939,Correct,Medium Risk
1,1,0.8472895827922908,Correct,High Risk
0,0,0.007866179510817703,Correct,Low Risk
0,0,0.3655381630563201,Correct,Low Risk
1,1,0.5683036792899098,Correct,Medium Risk
0,0,0.16088809360379916,Correct,Low Risk
0,0,0.3484923853334069,Correct,Low Risk
0,0,0.2565338463668448,Correct,Low Risk
0,0,0.03504520112938391,Correct,Low Risk
0,0,0.009374515986553597,Correct,Low Risk
0,1,0.6608033913952129,False Positive,Medium Risk
0,0,0.42191451258215273,Correct,Medium Risk
1,1,0.7143623647076056,Correct,High Risk
0,0,0.0210944562660742,Correct,Low Risk
0,0,0.02940281241224707,Correct,Low Risk
0,0,0.015443645325236888,Correct,Low Risk
0,0,0.2711233373249824,Correct,Low Risk
0,0,0.13761585823874598,Correct,Low Risk
0,0,0.029233400802824584,Correct,Low Risk
0,0,0.42606406219033555,Correct,Medium Risk
0,0,0.03598111364482165,Correct,Low Risk
1,0,0.39754871926246804,False Negative,Low Risk
0,0,0.0060575720195614234,Correct,Low Risk
0,0,0.12703783472221924,Correct,Low Risk
0,0,0.14258316076656638,Correct,Low Risk
0,0,0.2528539616041717,Correct,Low Risk
1,0,0.4776608800438637,False Negative,Medium Risk
0,0,0.11758770361510032,Correct,Low Risk
0,0,0.10712948877230981,Correct,Low Risk
0,0,0.1203578340483284,Correct,Low Risk
1,0,0.33776745722986995,False Negative,Low Risk
0,0,0.01736405794741464,Correct,Low Risk
1,1,0.5388162583415229,Correct,Medium Risk
0,0,0.013925195933311487,Correct,Low Risk
1,0,0.42265527935427305,False Negative,Medium Risk
0,0,0.08499402291243434,Correct,Low Risk
0,0,0.09659465670571456,Correct,Low Risk
0,0,0.1378830017542859,Correct,Low Risk
0,0,0.2484431394855211,Correct,Low Risk
1,1,0.534916349909902,Correct,Medium Risk
0,0,0.00754434678925983,Correct,Low Risk
0,0,0.11446571944762539,Correct,Low Risk
0,0,0.060258675680884624,Correct,Low Risk
1,0,0.3409163655736648,False Negative,Low Risk
0,0,0.17486144751287702,Correct,Low Risk
1,1,0.6314632188092024,Correct,Medium Risk
1,1,0.5614850288943768,Correct,Medium Risk
0,0,0.023301286354795284,Correct,Low Risk
0,0,0.05856814003093735,Correct,Low Risk
0,0,0.171862169192751,Correct,Low Risk
1,1,0.7753137566011395,Correct,High Risk
1,1,0.5714666486191675,Correct,Medium Risk
0,0,0.01137959176391266,Correct,Low Risk
0,0,0.04755142710780308,Correct,Low Risk
0,0,0.009099596706063392,Correct,Low Risk
0,0,0.064801195004958,Correct,Low Risk
0,0,0.004659139074247777,Correct,Low Risk
0,0,0.00870424006321424,Correct,Low Risk
1,1,0.596727769785042,Correct,Medium Risk
1,0,0.3595808946666115,False Negative,Low Risk
0,0,0.010412567149899533,Correct,Low Risk
0,0,0.3588863538260128,Correct,Low Risk
0,0,0.03597531385762003,Correct,Low Risk
0,0,0.12703769663552203,Correct,Low Risk
1,1,0.5421520804296311,Correct,Medium Risk
0,0,0.026331493117690268,Correct,Low Risk
0,0,0.2462453813266568,Correct,Low Risk
0,1,0.8404549477254999,False Positive,High Risk
0,0,0.0419226839858411,Correct,Low Risk
0,0,0.19697049475584105,Correct,Low Risk
0,0,0.018758915533987182,Correct,Low Risk
0,0,0.2806627283936803,Correct,Low Risk
0,0,0.38765348067453603,Correct,Low Risk
1,0,0.24194058846097283,False Negative,Low Risk
1,0,0.172810515619063,False Negative,Low Risk
0,0,0.28258522533346625,Correct,Low Risk
0,0,0.2849496823656531,Correct,Low Risk
0,0,0.3224566088258606,Correct,Low Risk
1,1,0.8257694961023023,Correct,High Risk
0,0,0.009699109488838125,Correct,Low Risk
0,0,0.3120367405307043,Correct,Low Risk
0,0,0.2738301711228373,Correct,Low Risk
0,0,0.033711415371223276,Correct,Low Risk
0,0,0.2365518183575458,Correct,Low Risk
0,0,0.11777428300683208,Correct,Low Risk
1,1,0.561543053465719,Correct,Medium Risk
1,0,0.4025423112023992,False Negative,Medium Risk
0,0,0.021637970332872385,Correct,Low Risk
0,0,0.06610856597101104,Correct,Low Risk
1,1,0.5057864019051777,Correct,Medium Risk
1,0,0.4627038457565213,False Negative,Medium Risk
1,1,0.5896035650985773,Correct,Medium Risk
0,0,0.025511810301706586,Correct,Low Risk
0,0,0.16834098307478906,Correct,Low Risk
0,0,0.4565592494947365,Correct,Medium Risk
0,0,0.014915375288370883,Correct,Low Risk
0,0,0.18072385342716327,Correct,Low Risk
1,0,0.19065799104090717,False Negative,Low Risk
0,0,0.4296152145802796,Correct,Medium Risk
0,0,0.07554162299392497,Correct,Low Risk
1,0,0.42939101434833166,False Negative,Medium Risk
0,0,0.053571534221050474,Correct,Low Risk
0,0,0.48967283297698533,Correct,Medium Risk
0,0,0.35691487254310095,Correct,Low Risk
0,0,0.03691815932671745,Correct,Low Risk
1,1,0.8253479546952307,Correct,High Risk
0,0,0.0289342184146691,Correct,Low Risk
0,0,0.4345883204547467,Correct,Medium Risk
0,1,0.6285135583475238,False Positive,Medium Risk
0,0,0.20584109899838293,Correct,Low Risk
0,0,0.02397804821604425,Correct,Low Risk
1,1,0.6716496863528992,Correct,Medium Risk
0,0,0.047491481806153785,Correct,Low Risk
0,0,0.012654899859631115,Correct,Low Risk
0,0,0.01162619129619711,Correct,Low Risk
0,0,0.024532931662159307,Correct,Low Risk
0,0,0.04387707309845874,Correct,Low Risk
0,0,0.01677593681340628,Correct,Low Risk
0,0,0.14037672506289162,Correct,Low Risk
0,0,0.0072379360874025855,Correct,Low Risk
0,0,0.009339051043575202,Correct,Low Risk
